id,event_id,community_id,role,created_at
03f2ca17-189b-4561-b138-ed4e2f0d3c0d,26578fe0-9a2c-40a2-b47c-af4f124ab719,cf48ecf6-7dd3-4e09-80af-310d5caf139a,host,2025-08-12 19:36:11.461368+00
0cb0e6c1-3cf3-4449-a014-9805412c015f,1880aa5a-48d8-40fb-bdc0-a092adc02ce9,fdb3aade-8777-459c-930f-ef33930ae790,host,2025-08-21 17:08:32.218873+00
0fd1b8c5-3508-4c2a-a057-2e6d12c4f205,65a7b67e-b83b-4b12-a965-0f702eaae084,93bb9ffe-54b1-4637-ae24-699c70e42708,host,2025-08-12 21:34:32.972374+00
1067da6d-9408-4d29-80e8-6ffb853c2f51,70dc9dd1-654b-436f-bea9-d851f19199a5,27fdec35-3ff5-4bf9-b48d-4446bf9d9274,host,2025-08-01 10:25:52.976433+00
1520d1a5-dbc4-4e35-9750-b9026a04f526,07017bb8-ec18-4369-a388-74b7bf73c5be,27fdec35-3ff5-4bf9-b48d-4446bf9d9274,host,2025-08-12 21:33:15.43981+00
1eeef00f-36d3-48b8-9952-bd915d8d7e45,c0681cb1-f840-42e2-94c5-94f5e013fa47,28feb195-ea75-48bc-a2ed-75bcc45a77d2,host,2025-08-12 17:41:47.000857+00
1f9a7d6b-df94-407d-bce5-d6782cdb6e6a,6e72492d-c988-4a85-9454-febaa7e671ca,33ed45e6-5980-4ea0-8720-44694d21acf3,host,2025-08-12 19:07:20.165715+00
2691c9c8-9ca4-4141-8381-9fdda5194c22,33665669-1e01-42c2-a968-5b1346286a2d,440aa1ae-610a-49c5-9b3c-7d9ac6bf7642,host,2025-08-12 22:33:54.9942+00
282e357d-16b6-4665-8218-387ce2926541,90a87798-81b0-4763-9959-ccc64ece0891,0d6451de-f9a6-4877-a496-d60bf12c148a,host,2025-08-29 17:34:16.426709+00
2a3a2920-e5f0-4116-8add-03b599e79a4d,032774d8-62d3-4bf3-971e-a903f936afb4,3e18a385-67e8-492a-ac25-8318686fe515,host,2025-08-01 10:24:47.93799+00
2b986cc1-fce1-4909-93e6-fdeddd97752e,33665669-1e01-42c2-a968-5b1346286a2d,3a3b672f-1652-430b-bd8f-f3a3c67d7cba,host,2025-08-12 22:33:54.9942+00
3626c652-5d6a-41ce-90cb-cf37a2b251a6,ebd00e65-6918-445b-99a2-c2251a4bcb50,93bb9ffe-54b1-4637-ae24-699c70e42708,host,2025-08-12 20:50:54.747566+00
363417c7-9b18-4f72-bcaa-6a59fa260e50,a3058793-9075-4785-b2c4-fdc98c096ff7,11056582-9160-4a25-9c48-527e7c93597d,host,2025-08-01 19:38:04.430503+00
3c775fac-2261-4dfb-a806-9f4b5ab6fbb7,ccd6a623-1393-4640-8b71-b2164e259ca2,fdb3aade-8777-459c-930f-ef33930ae790,host,2025-08-12 23:26:04.031958+00
46eeecc9-2191-484b-8666-aea02a29a924,65a7b67e-b83b-4b12-a965-0f702eaae084,27fdec35-3ff5-4bf9-b48d-4446bf9d9274,host,2025-08-12 21:34:32.972374+00
4744719a-a314-4ba1-ad9b-74224743e7a4,57c77f08-3cbb-48f0-bd55-7f71a7b3bf60,0d6451de-f9a6-4877-a496-d60bf12c148a,host,2025-08-03 12:28:46.649028+00
488aab0b-f1ba-4780-b9d3-c55c1730b0b1,fcc44415-8e95-4b61-8fa0-bda171799751,fdb3aade-8777-459c-930f-ef33930ae790,host,2025-08-12 23:25:05.718544+00
49a71d58-9fc5-4ac6-947f-b762f0a463a7,cc8987d5-29d0-4c97-83f9-72cc34bf9018,28feb195-ea75-48bc-a2ed-75bcc45a77d2,host,2025-08-12 17:44:39.574816+00
551d02b4-945c-42d8-8e7b-bb0c6a6a8bf1,6319cbb3-9b99-4127-a7e8-e5b8eca7035b,27fdec35-3ff5-4bf9-b48d-4446bf9d9274,host,2025-08-12 20:08:01.03129+00
5700fcea-5ce4-4701-bcab-18848bbb2896,90a87798-81b0-4763-9959-ccc64ece0891,7cbfc2d7-94f4-454c-9655-2c4942fc324c,host,2025-08-29 17:34:16.426709+00
6075dab1-391d-46b4-9676-1006bc972489,c6679ee6-714b-4358-a689-3062224b4838,74b01eff-715c-4a06-a90d-53c201dfe2fd,host,2025-08-21 16:47:36.577116+00
61401bcc-1605-4c06-9f50-2f093457db3d,59a7bc50-d73c-4263-9674-c7ad110c23fe,a752576e-b315-43af-a3e5-c7d31a9c7ff7,host,2025-08-12 19:06:53.367286+00
66dbe7a3-023d-40af-b75c-5065edab2a6d,55e782d4-d13c-4b45-b90c-e55b6c659b77,e3377c6d-866b-4e24-8afe-e86a324e73b9,host,2025-08-01 10:33:37.30784+00
742a5bc2-4a24-499c-9559-c128b341b672,3dd9d5cb-ab89-4e70-9087-82c8949e53b6,4973e119-cc78-4d43-9db4-51fe75cfb376,host,2025-08-12 21:09:30.326882+00
743f6369-063c-4c30-a199-3e156032e915,cc8987d5-29d0-4c97-83f9-72cc34bf9018,20690a5b-9e36-4412-a9ce-aa091ca0f88b,host,2025-08-12 17:44:39.574816+00
74ee105d-b9ef-49ab-9a11-fa4beda12e93,4a6d43be-d038-439f-983c-e4f011ebfc7b,28feb195-ea75-48bc-a2ed-75bcc45a77d2,host,2025-08-02 14:20:18.203555+00
79c1ab46-5e85-4a8d-bf73-af6aa8ed5b82,8aca7e12-7221-4feb-b5ad-30a9e240c2d5,28feb195-ea75-48bc-a2ed-75bcc45a77d2,host,2025-08-12 19:34:39.220617+00
803a35ce-28fc-4d4a-8f87-eb96f58c3c95,c23e5bdb-642f-4a3a-ab55-45135ebcfd97,cf48ecf6-7dd3-4e09-80af-310d5caf139a,host,2025-08-12 21:32:12.945113+00
901c1341-09ff-4f31-9765-e8296ee21388,484f27bd-b831-496e-9035-5f15d7adaeb1,cf48ecf6-7dd3-4e09-80af-310d5caf139a,host,2025-08-12 19:19:54.138581+00
937796e9-2b73-48de-8ffe-431b875cfb70,b7ee0778-b5fc-43f5-a6fe-9efda6010a03,0851be0e-feda-4bd0-812e-cf72e373ee3b,host,2025-08-01 09:56:06.113071+00
9cc183a2-3fac-417f-a4da-47e56dc1040f,ebd00e65-6918-445b-99a2-c2251a4bcb50,27fdec35-3ff5-4bf9-b48d-4446bf9d9274,host,2025-08-12 20:50:54.747566+00
9dda8221-7599-45fb-8269-8c2001c2564f,86bc5bce-c835-4136-b40f-f315e8bf004c,e3377c6d-866b-4e24-8afe-e86a324e73b9,host,2025-08-12 19:07:03.031494+00
a1c879a3-12c0-467f-b3e3-f7c140687beb,33665669-1e01-42c2-a968-5b1346286a2d,28feb195-ea75-48bc-a2ed-75bcc45a77d2,host,2025-08-12 22:33:54.9942+00
a8f8ddc5-b0dc-4073-9acf-f0314f64bb48,f93cbc83-5707-4066-8149-b8378bbc7e18,877fef25-1ea0-43ae-82af-6ad4eaea99cb,host,2025-08-12 21:30:53.649152+00
aee54cec-857c-4dc0-bc5f-4d79d57ae814,fdf72f36-061f-46fd-b4aa-5c5becf69c7f,c9130d5c-8f46-4961-837f-fb0ad0bd4208,host,2025-08-12 21:31:23.104435+00
b25e10d7-bf89-4551-9b07-d96095210a35,86bc5bce-c835-4136-b40f-f315e8bf004c,a752576e-b315-43af-a3e5-c7d31a9c7ff7,host,2025-08-12 19:07:03.031494+00
b44bde52-bae4-45ee-b1d4-c1dafbfaeeb9,4277b410-0a15-4ac4-b0cc-5e7335ae165e,7cbfc2d7-94f4-454c-9655-2c4942fc324c,host,2025-08-01 15:24:53.977672+00
c7f22e24-7275-4549-846d-d855f373d197,c13ea07e-6631-4543-9d17-4e90aa4888f8,28feb195-ea75-48bc-a2ed-75bcc45a77d2,host,2025-08-01 09:46:56.613999+00
c8ecf85f-1ffc-4e20-8304-55d6829e412a,130ea5c6-714a-4cae-8865-d39c860718dd,27fdec35-3ff5-4bf9-b48d-4446bf9d9274,host,2025-08-12 21:32:55.806548+00
d3a69879-dd27-40f6-8b2d-d91502526443,cc8987d5-29d0-4c97-83f9-72cc34bf9018,440aa1ae-610a-49c5-9b3c-7d9ac6bf7642,host,2025-08-12 17:44:39.574816+00
d6dcb479-5f0d-4dd0-a173-2ae8dee93cf4,70dc9dd1-654b-436f-bea9-d851f19199a5,60461584-0e43-4783-9d4d-c2810c230619,host,2025-08-01 10:25:52.976433+00
d8be345a-2ae4-4699-83b2-f4990ddf288f,bc0ea442-46e6-4479-a62a-7b6e61ae3b89,cf48ecf6-7dd3-4e09-80af-310d5caf139a,host,2025-08-12 19:12:45.932924+00
da21ae17-9530-4365-b660-8ff3a468a3b7,a5068f41-54a9-4332-ab30-aa1f88128d71,fdb3aade-8777-459c-930f-ef33930ae790,host,2025-08-12 23:25:40.982635+00
dc2aec79-a2b0-4475-8517-a5287af9fa54,46e3b519-daf3-4354-9763-9e55d9f62e47,89c97008-ce5e-4db8-8c3c-cd496195f1be,host,2025-08-21 16:52:14.024353+00
f1a70b58-7419-4989-8b0d-d715e79e071b,07017bb8-ec18-4369-a388-74b7bf73c5be,93bb9ffe-54b1-4637-ae24-699c70e42708,host,2025-08-12 21:33:15.43981+00
f3bf694e-48e5-402c-8606-38029f96ba65,7a301b1d-ecb3-4961-9b1d-ba67f77ddd95,e6103fa1-bf46-433d-b968-5c59f8bfa42d,host,2025-08-01 09:42:57.536861+00
f69c5000-c7c8-48b5-8e1a-e688fecf8a84,59a7bc50-d73c-4263-9674-c7ad110c23fe,7cbfc2d7-94f4-454c-9655-2c4942fc324c,host,2025-08-12 19:06:53.367286+00
fe6a10e2-433e-413b-a3bb-6e23d7f072d2,130ea5c6-714a-4cae-8865-d39c860718dd,93bb9ffe-54b1-4637-ae24-699c70e42708,host,2025-08-12 21:32:55.806548+00